Date,Open,High,Low,Close
6/1/2018,7538.2832,7601.3379,7350.3486,7420.7305
5/31/2018,7337.2598,7598.8926,7322.5996,7538.2832
5/30/2018,7501.543,9/9/1920,7277.2031,7337.2598
5/29/2018,7215.9141,7526.4443,7051.0029,7501.543
5/28/2018,7284.6152,7442.4844,7171.7598,7214.7988
5/25/2018,7552.4492,7655.1504,7329.7451,7448.0752
5/24/2018,7589.9961,7729.0039,7267.3896,7552.4492
5/23/2018,8108.5234,8108.6699,7434.6465,7589.9961
5/22/2018,8406.8857,8420.8076,8086.1826,8108.5234
5/21/2018,8520.8535,8594.2188,8316.2852,8406.8857
5/18/2018,8204.0488,8275.5078,7928.7773,8229.5801
5/17/2018,8291.2246,8486.2061,8119.4492,8204.0488
5/16/2018,8518.7549,8552.4521,8102.1016,8291.2246
5/15/2018,8811.6602,8847.0186,8435.5898,8518.7549
5/14/2018,8632.0039,8883.751,8287.7119,8811.6602
5/11/2018,9093.248,9128.0059,8382.0078,8432.0059
5/10/2018,9248.1924,9389.4883,9051.2559,9092.6699
5/9/2018,9160.9727,9364.5801,8971.8828,9248.1924
5/8/2018,9437.623,9459.2051,9045.0107,9160.9727
5/7/2018,9521.7285,9628.75,9173.4648,9437.623
5/4/2018,9652.0273,9795.3887,9528.0547,9683.5352
5/3/2018,9175.9961,9730.5996,9163.0059,9652.0371
5/2/2018,9015.7324,9193.875,8978.9189,9175.7637
5/1/2018,9272.6953,9281.792,8831.2148,9015.7324
4/30/2018,9324.4258,9443.8047,9117.2305,9272.6953
4/27/2018,9118.9619,9379.9492,8955.0059,8977.0713
4/26/2018,9073.1895,9174.8115,8657.4424,9118.9619
4/25/2018,9449.8818,9755.5234,8764.8555,9073.1895
4/24/2018,8932.1963,9464.8516,8910.0059,9449.8818
4/23/2018,8952.4873,9001.2295,8760.2549,8932.2451
4/20/2018,8233.8516,8558.8779,8219,8524.5195
4/19/2018,8187.5293,8297.2695,8096.6406,8233.8516
4/18/2018,7914.6963,8226.3701,7864.0947,8187.5293
4/17/2018,7986.0547,8160.0723,7821.8799,7914.6963
4/16/2018,8322.3809,8410.2852,7905.5039,7986.0547
4/13/2018,7730.4727,8222.3086,7707.1104,7903.9053
4/12/2018,6891.0303,8055.6348,6763.0557,7730.4727
4/11/2018,6839.6172,6965.1523,6784.5479,6891.0303
4/10/2018,6662.1377,6864.8096,6657.9316,6839.6172
4/9/2018,6991.6719,7173.5176,6612.9922,6662.1377
4/6/2018,6749,6850.54,6513.4971,6604.4814
4/5/2018,6830.7549,6922.7236,6578.5918,6749.5508
4/4/2018,7401.2266,7440.1201,6730.2754,6830.7549
4/3/2018,6937.3799,7510.1777,6923.2549,7401.4023
4/2/2018,6826.2324,7111.9668,6757.8896,6937.3799
3/30/2018,7097.0244,7322.4004,6594.0313,6852.5078
3/29/2018,7906.959,8001.9727,7098.1348,7098.1348
3/28/2018,7990.8682,8101.8789,7730.7969,7906.9629
3/27/2018,7888.8398,8265.8701,7745.5664,7990.8682
3/26/2018,8535.5508,8674.6729,7851.3779,7888.8398
3/23/2018,8598.8457,8766.7559,8280.5088,8616.25
3/22/2018,8895.5889,9096.2803,8492.2461,8598.8457
3/21/2018,8919.5498,9173.9961,8760.0049,8895.5889
3/20/2018,8428.6709,9042.2598,8318.4775,8920.3252
3/19/2018,7489.25,8716.3174,7386.9746,8427.1963
3/16/2018,8251.709,8603.5234,7911.0059,8524.1709
3/15/2018,8304.3184,8416.8164,7666.3496,8251.709
3/14/2018,9062.9238,9350.3184,8205.2324,8304.3184
3/13/2018,9017.0098,9479.5635,8853.1895,9062.9238
3/12/2018,9636.748,9889.6758,8772.3047,9017.6504
3/9/2018,9330.2305,9410.582,8368.0645,9004.8359
3/8/2018,9939.5254,10114.8496,9066,9330.2305
3/7/2018,10788.8047,10893.5977,9416.875,9939.5254
3/6/2018,11555.9863,11614.2285,10566.0859,10790.3496
3/5/2018,11118.6484,11671.3516,11106.9941,11555.9863
3/2/2018,10933.748,11174.8438,10778.0547,11029.9453
3/1/2018,10538.0195,11077.4043,10221.6152,10933.748
2/28/2018,10755.8984,11062.8789,10379.6006,10538.0195
2/27/2018,10375.1758,10859.9893,10134.5127,10755.8984
2/26/2018,9372.3203,10452.5,9321.7891,10380.3008
2/23/2018,9915.6855,10403.625,9581.9004,9920.0059
2/22/2018,10286.8438,10928.6602,9729.3691,9915.6855
2/21/2018,11704.8496,11784.041,10242.5059,10286.8438
2/20/2018,11081.4063,11747.6484,11051.584,11705.7246
2/19/2018,10743.1289,11262.8984,10306.5352,11081.4063
2/16/2018,9868.916,10300.543,9708.6602,10088.1992
2/15/2018,9287.9609,10235.1523,9246.9805,9873.4512
2/14/2018,8557.9063,9371.6006,8479.0654,9287.9609
2/13/2018,8831.25,8980.3652,8378.6094,8557.9063
2/12/2018,8206.5137,8899.7598,8026.0039,8831.25
2/9/2018,8171.1855,8728.7285,7752.0684,8552.6484
2/8/2018,8087.4834,8629.2188,7534.7051,8171.1855
2/7/2018,7764.5977,8608.9043,7207.5059,8087.5088
2/6/2018,7100.8711,7939.875,5922.0039,7764.5977
2/5/2018,8460.0059,8550.4375,6579.252,7100.8711
2/2/2018,9094.4746,9126.543,7614.1094,8569.9961
2/1/2018,9962.3105,10231.8955,8449.6348,9094.2031
1/31/2018,10086.7949,10359.624,9582.8623,9962.3105
1/30/2018,11206.9941,11236.75,9773.0918,10086.7949
1/29/2018,11636.502,11784.9043,11045.3594,11206.9941
1/26/2018,11256.5234,11623.9688,10298.5,10874.7881
1/25/2018,11213.3652,11714.7227,10878.5898,11256.5234
1/24/2018,10987.9082,11488.5977,10482.3164,11213.3652
1/23/2018,10354,11376,9948,10981.0449
1/22/2018,11436.9961,11886.5,10039.8232,10354
1/19/2018,11605.5,12020.5,11053.8848,11366.6055
1/18/2018,11376.6914,12138.5,10699.4551,11605.5
1/17/2018,10715.7734,11792.7441,9185.6025,11376.6855
1/16/2018,13916.8213,13956.25,10310.4648,10719.9961
1/15/2018,13497.8262,14317.2451,13270.5,13916.8213
1/12/2018,13465.0254,14095,12881.9102,13746.5811
1/11/2018,14495.4746,14964.748,12801.0156,13462.9766
1/10/2018,14554.0693,14692.4121,13442.4141,14494.7422
1/9/2018,14935.6934,15385.8613,14152.5176,14554.0752
1/8/2018,15890.0762,16466.1621,13902.6797,14935.6934
1/5/2018,14946.3496,16932.5684,14819.1504,16753.2344
1/4/2018,15061.2676,15406.209,14170.8945,14946.3496
1/3/2018,14789.6074,15451.0742,14541.2363,15055.2305
1/2/2018,13618.5146,15288,12984.7949,14784.5996
1/1/2018,13982.498,14226.3926,12915.7061,13624.5645
12/29/2017,13940.2686,15092.748,13924.9443,14310.9395
12/28/2017,15189.3945,15489.4805,13502.3486,13939.4805
12/27/2017,15919.9961,16499.2988,14624.9248,15189.3848
12/26/2017,13769.3604,16132.0957,13665.25,15924.9961
12/25/2017,13082.833,14625.8516,12556.0996,13768.0156
12/22/2017,15389.1992,15801.0322,10775.9199,14239.6484
12/21/2017,16210.1279,17339.748,14853.5,15385.1992
12/20/2017,16964.3867,17837.5605,15815.7881,16210.1279
12/19/2017,18674.4766,19002.4922,16736,16964.3867
12/18/2017,19100.5625,19511,18118.5,18674.4766
12/15/2017,16518.1094,17960,16295.25,17630.1211
12/14/2017,16751.998,17122.9004,16060.5,16503.7168
12/13/2017,17248.2227,17546.5156,15752.9707,16751.998
12/12/2017,17148.1992,17578.4473,16296.7754,17248.2227
12/11/2017,15426.248,17426.4023,14538.3965,17148.1992
12/8/2017,16051.0762,17027.3906,13881,15644
12/7/2017,13363.251,16777.082,13329.6211,16051.0762
12/6/2017,11776.9473,13461.1797,11696.9004,13346.7461
12/5/2017,11500.0059,11864.916,11457.5898,11776.9473
12/4/2017,11645.0703,11845.333,10549.5127,11500.0059
12/1/2017,9654.1631,10940.3887,9374.9004,10899.249
11/30/2017,10193.4453,10787.9863,9022.1309,9653.9209
11/29/2017,9933.6484,11434,9009.1455,10193.4453
11/28/2017,9651.54,9975.2236,9554.1504,9944.7334
11/27/2017,9288.9512,9747.4883,9153.0527,9652.6582
11/24/2017,8166.1855,8328.0156,7872.9492,8249.3408
11/23/2017,8203.8154,8279.6533,8095.5488,8166.1855
11/22/2017,8134.2461,8303.0078,7970.7988,8203.8359
11/21/2017,8245.0352,8374.041,7798.7285,8134.2461
11/20/2017,7964.9961,8290.9961,7934.7402,8245.0352
11/17/2017,7893.0859,7997.1738,7534.1758,7701.875
11/16/2017,7291.9609,7893.9961,7121.2305,7892.2227
11/15/2017,6590.9004,7344.2461,6542.1445,7291.9609
11/14/2017,6506.623,6747.9961,6399.9004,6590.9004
11/13/2017,6061.8984,6814.0313,5605.0059,6506.623
11/10/2017,7120.4756,7345.5703,6418,6581.8242
11/9/2017,7258.9385,7488.9961,7060.0996,7120.4756
11/8/2017,7074.8418,7882.3496,7040.5996,7260.6309
11/7/2017,7127.3564,7226.0059,6929.7656,7074.8418
11/6/2017,7514.582,7592.2246,6949.8848,7127.3916
11/3/2017,7057.8154,7448.9961,6941.0059,7228.6514
11/2/2017,6579.9961,7392.9561,6573.5059,7057.8154
11/1/2017,6377.4453,6649.6992,6364.4043,6579.9961
10/31/2017,6099.5977,6416.3945,6084.9492,6377.4453
10/30/2017,5946.7109,6252.043,5946.7109,6099.5977
10/27/2017,5842.2383,5994.9961,5689.6055,5753.7129
10/26/2017,5679.542,5984.9043,5639.9141,5842.2383
10/25/2017,5593.5273,5693.1553,5374.2012,5679.542
10/24/2017,5911.1152,5929.8945,5562.6953,5593.5205
10/23/2017,5989.9961,6057.3975,5647.9648,5911.1152
10/20/2017,5700.168,6063.9863,5617.0449,5973.1924
10/19/2017,5507.0117,5739.3242,5485.6016,5700.168
10/18/2017,5576.5703,5612,5109.1992,5507.0117
10/17/2017,5678.7793,5785.2949,5524.3008,5577.2979
10/16/2017,5510.6992,5757.8984,5477.7178,5678.7246
10/13/2017,5317.4277,5866.0352,5278.0195,5614.6348
10/12/2017,4827.4355,5389.5527,4790.2656,5317.4277
10/11/2017,4873.0977,4874.9492,4709.0352,4826.8447
10/10/2017,4841.1875,4926.5176,4739.625,4873.0977
10/9/2017,4562.3115,4869.9863,4535.8301,4841.1875
10/6/2017,4347.0967,4415.9492,4295.3262,4339.4033
10/5/2017,4200.4355,4359.8496,4145.9678,4347.0967
10/4/2017,4283.4863,4349.0977,4183.9512,4200.4355
10/3/2017,4391.3418,4426.3984,4236.0703,4283.4863
10/2/2017,4299.2988,4468.9551,4294.042,4391.3418
9/29/2017,4164.4961,4220.4043,4017.27,4171.252
9/28/2017,4154.2656,4275.8721,4125.8027,4164.4961
9/27/2017,3908.2451,4191.5322,3873.6499,4154.2656
9/26/2017,3941.1826,3964.7427,3853.8999,3908.2451
9/25/2017,3676.4351,3960.7002,3657.5073,3941.3101
9/22/2017,3648.605,3761.8699,3510.3101,3615.1001
9/21/2017,3957.0049,3975.25,3573.0049,3647.4951
9/20/2017,3907.7549,4043.97,3835.5449,3957.0049
9/19/2017,4004.71,4122.0508,3850.7251,3905.5601
9/18/2017,3766.2124,4121.4102,3702.8701,4006.5552
9/15/2017,3391.25,3842,2975.0151,3722.6802
9/14/2017,3897.9475,3958.1924,3244.6724,3391.25
9/13/2017,4179.9453,4208.7266,3735.99,3897.9475
9/12/2017,4196.2568,4385.3223,4079.4175,4179.9453
9/11/2017,4330.8906,4378.748,4112.8867,4192.4648
9/8/2017,4594.3887,4692.4424,4140.4102,4247.5469
9/7/2017,4569.2461,4690.1182,4482.0654,4575.4746
9/6/2017,4458.4395,4681.2979,4414.0449,4569.2461
9/5/2017,4362.0781,4539.9336,4098.9048,4458.4395
9/4/2017,4547.6973,4653.8896,4164.8027,4362.0781
9/1/2017,4741.3848,4921.4482,4700.0928,4880.8457
8/31/2017,4574.9863,4766.7598,4555.873,4741.3848
8/30/2017,4597.0156,4637.4668,4498.2617,4574.9863
8/29/2017,4339.6982,4641.7637,4339.5771,4597.0156
8/28/2017,4358.957,4375.8418,4184.7529,4339.7354
8/25/2017,4233.9961,4453.0674,4217.3926,4329.0254
8/24/2017,4134.3652,4256.5352,4091.1799,4233.9961
8/23/2017,4073.0049,4259.917,4019.6475,4134.3652
8/22/2017,3997.9849,4141.7852,3599.9951,4073.0049
8/21/2017,4124.9473,4149.7725,3965.46,3997.9849
8/18/2017,4330.1191,4358.0918,4019.7124,4022.75
8/17/2017,4350.4199,4477.3848,4182.9844,4330.1191
8/16/2017,4071.5952,4367.498,3930.6399,4350.4199
8/15/2017,4262.9863,4449.8623,3809.0701,4071.5952
8/14/2017,4060.0049,4341.5967,3955.2451,4262.9863
8/11/2017,3424.4849,3588.3032,3404.1274,3588.0505
8/10/2017,3361.6948,3457.2075,3299.4424,3424.4849
8/9/2017,3447.3452,3454.1299,3237.3625,3361.6948
8/8/2017,3341.6699,3486.7283,3341.095,3447.3452
8/7/2017,3268.4951,3423.3677,3191.9102,3341.2852
8/4/2017,2781.45,2877.2148,2763.6401,2831.9951
8/3/2017,2691.0049,2804.4009,2650.0049,2781.45
8/2/2017,2740.0801,2757.665,2667.8838,2691.0049
8/1/2017,2886.7651,2924.2549,2643.0623,2740.9849
7/31/2017,2741.665,2891.385,2694.8623,2886.7051
7/28/2017,2583.7676,2833.3936,2583.7676,2755.645
7/27/2017,2503.2939,2596.9595,2451.0576,2583.7676
7/26/2017,2468.99,2609.595,2403.4102,2503.2939
7/25/2017,2760.0049,2777.98,2449.895,2468.53
7/24/2017,2780.821,2804.999,2720.4375,2760.0049
7/21/2017,2729.8398,2934.625,2615.02,2640.5005
7/20/2017,2254.9951,2729.3149,2244.4302,2729.3149
7/19/2017,2348.8608,2395.2651,2218.7075,2254.9976
7/18/2017,2174.02,2393.9417,2144.9705,2348.4785
7/17/2017,1902.8751,2182.8699,1852.1851,2174.02
7/14/2017,2337.6899,2353.5469,2152.0352,2159.0449
7/13/2017,2382.0176,2417.6675,2308.8999,2337.6851
7/12/2017,2328.9399,2413.02,2242.8201,2382.0176
7/11/2017,2384.5415,2408.7251,2255.415,2328.9399
7/10/2017,2535.917,2544.5601,2360.3701,2384.5415
7/7/2017,2597.675,2609.4111,2489.1775,2514.8652
7/6/2017,2611.0859,2629.675,2580.3501,2597.675
7/5/2017,2575.5249,2622.2852,2544.4014,2611.0859
7/4/2017,2557.7451,2639.5259,2544.7876,2575.5249
7/3/2017,2482.6851,2584.625,2474.1812,2557.7451
6/30/2017,2558.2651,2566.49,2482.125,2502.5029
6/29/2017,2593.5801,2603.4927,2503.2329,2558.2749
6/28/2017,2457.4551,2597.1868,2427.9624,2593.5801
6/27/2017,2347.3149,2469.9849,2267.741,2457.4551
6/26/2017,2517.6748,2556.7351,2255.4407,2347.3149
6/23/2017,2671.6699,2734.175,2664.1089,2707.6389
6/22/2017,2659.2744,2728.8201,2570.1165,2671.6699
6/21/2017,2749.626,2780.5049,2636.5552,2659.2744
6/20/2017,2573.1719,2773.7573,2564.27,2749.626
6/19/2017,2527.395,2590.8008,2459.4849,2573.1719
6/16/2017,2360.4551,2522.3901,2303.9937,2484.6489
6/15/2017,2552.47,2557.6475,2076.1636,2361.335
6/14/2017,2702.21,2811.4951,2515.9722,2552.4751
6/13/2017,2599.1946,2785.6199,2595.9583,2701.5449
6/12/2017,2926.03,2999.9751,2446.2,2599.1621
6/9/2017,2749.46,2861.1282,2748.5449,2834.4829
6/8/2017,2738.875,2812.345,2611.7549,2749.46
6/7/2017,2871.125,2882.9346,2738.1299,2738.875
6/6/2017,2663.4966,2938.5049,2631.8125,2871.125
6/5/2017,2523.8804,2664.2202,2474.98,2663.4966
6/2/2017,2411.8999,2448.9849,2373.0649,2430.8311
6/1/2017,2286.095,2479.3374,2279.1104,2410.55
5/31/2017,2259.6924,2336.1975,2133.3665,2286.095
5/30/2017,2333.9951,2356.7476,2208.0044,2249.9414
5/29/2017,2213.6201,2344.4451,2091.6169,2306.6099
5/26/2017,2465.5527,2664.9199,2052.0249,2268.6978
5/25/2017,2435.8892,2798.9751,2220.325,2465.543
5/24/2017,2233.6699,2473.415,2194.8799,2435.884
5/23/2017,2150.0898,2269.5952,1983.4401,2216.1794
5/22/2017,2027.0376,2297.9951,1998.032,2149.6299
5/19/2017,1883.1545,1961.7024,1868.875,1938.0422
5/18/2017,1816.1396,1884.425,1794.895,1883.0444
5/17/2017,1769.4133,1853.0891,1746.12,1816.7317
5/16/2017,1716.7766,1782.0801,1691.0901,1769.4133
5/15/2017,1775.6675,1802.16,1698.5275,1719.6267
5/12/2017,1820.8455,1838.2877,1651.015,1691.8046
5/11/2017,1776.3416,1886.155,1752.2501,1820.8408
5/10/2017,1712.1541,1798.7101,1674.9089,1776.344
5/9/2017,1657.551,1793.645,1625.5632,1712.1641
5/8/2017,1571.8251,1677.0701,1500.5005,1657.5535
5/5/2017,1500.1051,1624.995,1464.8051,1529.4121
5/4/2017,1516.8209,1652.2701,1495.4915,1502.2865
5/3/2017,1439.4561,1516.9325,1434.035,1516.6914
5/2/2017,1435.7793,1492.8651,1405.3025,1439.4485
5/1/2017,1335.5084,1459.97,1330.2261,1435.8943
4/28/2017,1347.9325,1379.3251,1297.5415,1304.911
4/27/2017,1294.3015,1353.045,1290.6906,1347.905
4/26/2017,1281.4712,1319.715,1273.249,1294.3015
4/25/2017,1255.9132,1286.985,1252.1609,1281.4712
4/24/2017,1245.13,1259.2651,1236.3369,1255.9125
4/21/2017,1238.4805,1257.2601,1229.1909,1242.7295
4/20/2017,1206.4473,1242.5278,1200.6949,1240.022
4/19/2017,1204.6675,1208.3833,1191.3199,1206.4497
4/18/2017,1193.9329,1216.2014,1185.8477,1204.6675
4/17/2017,1181.8362,1200.5699,1172.6926,1193.9377
4/14/2017,1170.0471,1195.9451,1164.8501,1183.5885
4/13/2017,1216.145,1219.3225,1150.575,1170.0146
4/12/2017,1226.7,1230.8523,1213.275,1216.0701
4/11/2017,1203.1011,1233.3,1200.535,1226.6951
4/10/2017,1203.9426,1218.965,1201.5527,1203.0994
4/7/2017,1199.176,1204.4126,1175.6198,1199.2368
4/6/2017,1128.1299,1199.3914,1123.1951,1199.1685
4/5/2017,1138.8647,1145.3866,1113.8401,1128.1299
4/4/2017,1153.8298,1167.4651,1125.3505,1138.8572
4/3/2017,1105.651,1155.3651,1099.8035,1153.8298
3/31/2017,1035.4846,1090.175,1030.3564,1074.6862
3/30/2017,1039.3176,1052.3274,1023.335,1035.442
3/29/2017,1029.4559,1058.0251,1009.1801,1039.3177
3/28/2017,1021.9851,1066.6451,1016.5975,1030.1655
3/27/2017,978.9739,1032.296,939.7946,1023.7273
3/24/2017,1038.9263,1041.1279,959.4476,960.7375
3/23/2017,1009.3051,1052.7976,1008.025,1038.9038
3/22/2017,1092.5565,1118.635,989.2751,1009.3051
3/21/2017,1023.7507,1118.575,1021.6733,1092.5565
3/20/2017,1031.675,1057.7976,1004.9807,1023.7982
3/17/2017,1148.491,1187.4325,1086.0148,1096.9136
3/16/2017,1251.5745,1268.865,1141.5651,1148.4961
3/15/2017,1253.2183,1258.9198,1240.8772,1251.572
3/14/2017,1237.4978,1260.7251,1224.519,1253.2083
3/13/2017,1230.665,1248.0476,1197.4352,1237.4978
3/10/2017,1199.8551,1327.1926,978.755,1100.5601
3/9/2017,1165.1801,1210.8625,1119.8789,1199.8551
3/8/2017,1245.835,1247.03,1155.235,1165.1901
3/7/2017,1277.65,1287.7501,1159.3611,1245
3/6/2017,1271.3807,1287.9501,1263.7424,1277.65
3/3/2017,1257.9401,1292.715,1247.5249,1277.3945
3/2/2017,1225.319,1292.6101,1212.5044,1257.9401
3/1/2017,1192.698,1229.604,1178.0895,1225.319
2/28/2017,1194.275,1213.16,1180.3101,1192.6982
2/27/2017,1171.87,1198.0226,1163.9723,1194.255
2/24/2017,1164.0955,1218.85,1104.4526,1177.2845
2/23/2017,1129.303,1170.3689,1123.3009,1164.0955
2/22/2017,1115.6725,1139.6512,1105.0815,1129.303
2/21/2017,1064.135,1120.069,1061.7172,1115.6725
2/20/2017,1056.2399,1066.8301,1046.0044,1064.1074
2/17/2017,1037.6105,1062.615,1034.04,1058.8552
2/16/2017,1015.0325,1045.8999,1013.045,1038.5389
2/15/2017,1011.265,1017.3972,1005.5007,1015.4399
2/14/2017,1002.395,1021.4019,992.047,1011.265
2/13/2017,1002.3019,1020.9651,982.05,1002.4
2/10/2017,977.545,1007.4595,957.0568,1004.03
2/9/2017,1060.545,1079.0688,942.3151,977.399
2/8/2017,1052.1926,1069.86,1021.4525,1060.545
2/7/2017,1025.2651,1056.8618,1022.11,1052.1926
2/6/2017,1010.173,1030.5123,1004.525,1025.29
2/3/2017,1010.14,1026.2345,994.3374,1011.6649
2/2/2017,980.415,1011.4252,977.0195,1010.14
2/1/2017,961.6749,982.2034,959.1801,979.3651
1/31/2017,922.77,967.3201,919.865,961.6874
1/30/2017,919.995,924.2842,910.775,922.785
1/27/2017,913.25,924.3649,909.24,919.95
1/26/2017,895.3405,921,892.04,914.1902
1/25/2017,898.191,903.3475,883.9393,895.3405
1/24/2017,920.78,925.5545,891.51,898.191
1/23/2017,920.3972,929.18,911.761,921.6376
1/20/2017,907.28,907.6799,884.725,898.855
1/19/2017,875.7625,907.9265,875.215,907.3051
1/18/2017,898.8126,916.1011,852.9625,875.7625
1/17/2017,834.015,909.8632,829.78,898.915
1/16/2017,816.7728,839.0851,812.9,833.0951
1/13/2017,827.63,835.1395,776.955,830.6976
1/12/2017,789.1077,829.245,752.465,827.63
1/11/2017,909.8149,922.9399,761.8625,789.1077
1/10/2017,897.5072,915.6055,894.0883,909.8099
1/9/2017,906.8747,920.166,881.68,897.51
1/6/2017,971.2825,1030.9801,876.9142,898.1633
1/5/2017,1091.655,1161.885,888.9925,971.2551
1/4/2017,1024.3751,1140.635,1021.5151,1091.655
1/3/2017,1012.345,1029.7651,1009.6101,1024.3751
1/2/2017,994.465,1033.3251,992.6949,1012.345
12/30/2016,968.09,977.0801,930.065,952.0094
12/29/2016,967.3651,986.385,950.3051,968.09
12/28/2016,931.725,973.3176,921.6101,967.36
12/27/2016,898.245,939.1951,895.155,931.725
12/26/2016,876.465,914.2645,872.92,898.245
12/23/2016,861.5076,912.7015,857.6201,904.48
12/22/2016,825.1128,874.995,824.1001,861.5051
12/21/2016,792.46,829.995,790.4801,825.3276
12/20/2016,790.3976,794.652,788.4,793.035
12/19/2016,789.36,794.965,785.535,790.3801
12/16/2016,776.8251,784.1801,773.415,780.6801
12/15/2016,777.9703,780.1252,774.8,776.71
12/14/2016,781.52,782.1078,770.8175,777.9701
12/13/2016,777.64,788.9625,768.155,781.51
12/12/2016,768.8315,781.5872,767.3925,777.6176
12/9/2016,770.1637,773.665,766.4001,771.14
12/8/2016,766.425,772.8607,762.1751,770.9125
12/7/2016,757.3597,769.6422,752.385,766.425
12/6/2016,753.775,760.3042,750.545,757.598
12/5/2016,765.5325,768.7932,745.8201,753.775
12/2/2016,752.4204,779.9942,751.6799,773.9955
12/1/2016,743.2575,754.8351,741.3425,752.4204
11/30/2016,731.34,744.75,728.995,743.2575
11/29/2016,730.325,734.8,726.075,731.34
11/28/2016,733.5493,735.851,726.5876,731.2725
11/25/2016,735.8401,739.4172,728.8475,737.6925
11/24/2016,739.7452,744.4792,729.0801,736.3276
11/23/2016,747.8851,749.7957,731.8074,739.7452
11/22/2016,735.2601,750.121,728.4801,747.8851
11/21/2016,725.875,740.3251,714.47,737.4563
11/18/2016,738.3501,752.2314,729.2101,743.26
11/17/2016,739.765,754.1151,734.92,738.335
11/16/2016,710.9337,743.4,708.85,741.0105
11/15/2016,706.88,716.41,703.8951,710.9362
11/14/2016,701.7295,708.7495,696.9675,706.89
11/11/2016,709.8425,719.0675,709.04,714.9351
11/10/2016,716.78,723.4943,707.47,709.8325
11/9/2016,711.4901,742.9584,707.1051,717.235
11/8/2016,707.23,715.4195,701.3551,711.51
11/7/2016,709.6259,717.04,700.69,706.9025
11/4/2016,695.1825,708.7497,675.8575,698.8625
11/3/2016,729.7025,748.9776,677.1201,695.1825
11/2/2016,727.9901,734.02,720.5025,730.205
11/1/2016,702.2075,737.49,696.2825,727.97
10/31/2016,704.799,709.3645,681.2125,702.1675
10/28/2016,681.1355,690.3815,678.48,688.3551
10/27/2016,669.7025,690.1799,667.3651,681.1355
10/26/2016,654.78,677.6504,648.0026,669.5825
10/25/2016,648.0901,658.4149,647.4675,654.0775
10/24/2016,653.8501,655.5008,642.985,648.5601
10/21/2016,627.985,634.1899,627.1,630.5276
10/20/2016,628.6497,631.4994,625.9625,628.83
10/19/2016,632.76,638.1857,625.62,628.4675
10/18/2016,637.1025,640.4287,632.355,632.76
10/17/2016,640.8325,643.712,634.13,637.0975
10/14/2016,635.03,641.595,629.625,638.5825
10/13/2016,634.105,639.7051,632.99,635.2375
10/12/2016,637.75,644.87,632.715,634.14
10/11/2016,616.89,641.0377,614.29,637.725
10/10/2016,616.925,619.5645,611.9801,616.89
10/7/2016,611.7495,619.9117,609.8225,617.9449
10/6/2016,612.785,614.485,607.735,611.7495
10/5/2016,609.251,615.6665,608.015,612.79
10/4/2016,612.5751,613.1001,606.66,609.2159
10/3/2016,609.425,615.175,607.4401,612.5751
9/30/2016,606.5234,606.8925,604.0575,605.9922
9/29/2016,604.4375,607.88,602.8401,606.5234
9/28/2016,602.9451,606.1169,602.0549,604.39
9/27/2016,606.3775,608.1942,601.1373,602.9
9/26/2016,598.905,607.775,597.28,606.3425
9/23/2016,596.4001,603.2045,594.1851,602.0025
9/22/2016,595.3051,598.595,595.0325,596.6125
9/21/2016,608.3726,609.9051,593.0625,595.3076
9/20/2016,609.2676,611.36,606.6525,608.3851
9/19/2016,607.895,640.8375,606.8876,609.3226
9/16/2016,605.9076,612.2614,604.66,606.8625
9/15/2016,610.0526,613.0449,604.4125,606.8176
9/14/2016,608.9551,614.6058,605.76,609.855
9/13/2016,606.7501,612.1223,604.6426,608.665
9/12/2016,627.61,630.8748,596.4862,606.9176
9/9/2016,625.7025,629.0399,616.645,620.835
9/8/2016,614.55,632.1175,612.9701,625.7025
9/7/2016,610.795,616.84,606.2999,614.55
9/6/2016,607.8839,612.0099,601.3451,611.1375
9/5/2016,609.2526,615.1051,598.39,607.8839
9/2/2016,571.8934,576.8601,568.2775,574.2275
9/1/2016,572.405,574.1499,568.1075,571.8959
8/31/2016,575.2151,578.09,569.9701,572.405
8/30/2016,573.215,577.4,570.3099,575.2151
8/29/2016,571.53,579.0177,570.615,573.1951
8/26/2016,575.705,579.14,574.875,577.835
8/25/2016,579.105,579.41,573.3,575.705
8/24/2016,580.5,582.835,577.1901,579.115
8/23/2016,586.0475,587.29,578.175,580.9375
8/22/2016,580.155,586.5,578.7675,585.96
8/19/2016,574.2351,577.5233,571.6005,575.395
8/18/2016,573.245,577.1001,571.525,574.2351
8/17/2016,579.78,580.8499,569.78,573.2251
8/16/2016,567.985,581.965,565.9426,579.5575
8/15/2016,564.0551,574.1615,559.735,568.225
8/12/2016,589.7209,591.0751,581.1649,586.4575
8/11/2016,595.3351,597.6635,588.715,589.7209
8/10/2016,586.235,600.84,583.13,595.3351
8/9/2016,593.5801,593.9249,584.25,586.025
8/8/2016,590.005,595.86,587.38,593.5801
8/5/2016,573.5601,592.335,567.355,577.23
8/4/2016,568.963,599.4449,560.495,573.5601
8/3/2016,568.5876,574.8,482.825,568.963
8/2/2016,616.7574,618.0801,559.4576,568.5926
8/1/2016,634.3475,637.005,611.2451,616.7574
7/29/2016,655.995,658.5349,653.61,657.67
7/28/2016,657.2151,659.715,653.7499,655.995
7/27/2016,655.4528,659.5725,647.4851,657.2151
7/26/2016,655.9376,657.5426,645.0175,656.0002
7/25/2016,661.7275,663.98,652.9175,655.9376
7/22/2016,664.59,668.2051,650.705,657.6475
7/21/2016,665.5825,667.995,660.2401,664.6
7/20/2016,671.195,676.0851,662.8824,665.5825
7/19/2016,673.0425,675.995,666.8101,671.195
7/18/2016,681.5399,684.8251,666.755,673.045
7/15/2016,661.275,669.4449,658.855,669.005
7/14/2016,662.675,664.405,651.4351,661.275
7/13/2016,667.8401,674.675,658.4125,662.4351
7/12/2016,650.4,674.0225,647.29,667.8401
7/11/2016,646.5651,661.4135,645.0874,650.385
7/8/2016,621.26,661.905,611.28,660.7
7/7/2016,675.155,680.155,612.8782,621.5
7/6/2016,670.0901,680.2101,665.9399,675.155
7/5/2016,675.84,682.5135,662.9651,669.9351
7/4/2016,659.765,684.0699,645.1951,675.83
7/1/2016,665.29,685.995,664.73,677.36
6/30/2016,638.9551,674.65,634.7051,665.265
6/29/2016,647.901,651.5599,624.19,638.795
6/28/2016,642.87,662.505,636.24,647.391
6/27/2016,633.454,657.146,620.87,642.87
6/24/2016,613.3751,693.47,611.0851,657.05
6/23/2016,612.1201,632.737,546.2151,613.3751
6/22/2016,651.7551,678.3884,610.345,611.1051
6/21/2016,740.715,742.7349,630.63,651.8501
6/20/2016,760.905,767.925,725.338,740.9374
6/17/2016,762.67,777.01,707.01,754.3662
6/16/2016,693.44,772.325,691.528,762.665
6/15/2016,689.5551,696.905,672.7449,693.44
6/14/2016,690.6975,708,657.9399,689.5551
6/13/2016,644.535,720.7675,644.23,689.995
6/10/2016,575.4626,580.2551,573.1201,578.9776
6/9/2016,579.7601,584.035,572.3125,575.4626
6/8/2016,577.6251,582.4875,571.9302,579.79
6/7/2016,581.6725,591.035,564.6301,577.6825
6/6/2016,574.36,587.9149,567.0776,581.6725
6/3/2016,536.27,577.995,535.485,576.5524
6/2/2016,535.905,541.3301,532.4398,536.275
6/1/2016,521.7275,543.6151,520.135,535.905
5/31/2016,531.2451,547.03,520.1901,521.7375
5/30/2016,535.735,549.495,510.565,531.2451
5/27/2016,452.995,480.29,451.77,470.8899
5/26/2016,448.14,453.985,446.75,452.995
5/25/2016,444.8201,450.3351,444.6001,448.14
5/24/2016,442.3051,447.705,441.795,444.8325
5/23/2016,438.4401,442.8051,436.9425,442.3051
5/20/2016,443.1349,444.495,434.9501,441.5551
5/19/2016,454.6926,455.3651,441.85,443.0599
5/18/2016,453.655,456.67,452.025,454.6926
5/17/2016,453.1599,455.1174,451.885,453.655
5/16/2016,458.4863,459.9349,451.05,453.1599
5/13/2016,452.68,457.3275,451.47,456.1452
5/12/2016,452.515,453.705,446.86,452.6925
5/11/2016,454.5126,455.495,449.7451,452.515
5/10/2016,462.13,463.995,446.8,454.5126
5/9/2016,459.0043,464.98,456.49,462.125
5/6/2016,448.6749,462.83,447.55,462.1
5/5/2016,447.385,449.8553,446.1549,448.6749
5/4/2016,450.6625,452.02,444.7898,447.39
5/3/2016,446.105,451.6592,441.3551,450.6625
5/2/2016,450.3751,453.63,439.6,446.105
4/29/2016,449.71,457.0699,445.865,455.1451
4/28/2016,453.995,454.5924,435.57,449.71
4/27/2016,469.1,470.5,450.4,453.995
4/26/2016,468.495,471.9149,462.5551,469.1
4/25/2016,452.9449,468.765,451.495,468.495
4/22/2016,451.125,453.465,443.5625,448.5575
4/21/2016,442.82,452.15,440.9509,451.125
4/20/2016,432.642,443.23,431.3424,442.82
4/19/2016,428.56,432.895,427.485,432.642
4/18/2016,426.1515,430.95,425.613,428.56
4/15/2016,424.9401,431.045,423.9551,429.7948
4/14/2016,424.6025,426.3451,422.3099,424.9401
4/13/2016,425.365,427.6749,422.8925,424.6025
4/12/2016,423.035,429.6951,422.4125,425.365
4/11/2016,421.895,423.5575,419.235,422.9818
4/8/2016,422.0075,424.245,416.685,419.34
4/7/2016,421.6101,423.135,418.7374,422
4/6/2016,421.9374,423.8694,420.9149,421.8326
4/5/2016,418.995,423.7599,418.4249,421.9374
4/4/2016,418.9225,420.7374,416.78,418.995
4/1/2016,416.7451,417.67,414.295,416.6375
3/31/2016,413.5299,417.9299,412.5549,416.8451
3/30/2016,415.01,416.27,409.0914,413.5299
3/29/2016,421.9351,425.22,408.3149,414.96
3/28/2016,427.5359,428.3949,421.255,421.975
3/25/2016,415.955,416.8251,412.88,415.9225
3/24/2016,418.335,418.915,413.5349,416.0551
3/23/2016,416.8101,418.8851,414.8409,418.1649
3/22/2016,410.755,417.3927,410.415,416.8351
3/21/2016,411.3801,413.4107,406.96,410.755
3/18/2016,418.365,418.8025,403.1849,405.775
3/17/2016,416.625,419.735,415.0175,418.365
3/16/2016,415.0676,417.0677,413.82,416.625
3/15/2016,413.775,417.1489,412.6375,415.0676
3/14/2016,412.9,415.765,411.0425,413.775
3/11/2016,416.14,422.77,415.39,418.645
3/10/2016,411.4275,416.665,410.5701,416.14
3/9/2016,411.3551,414.165,408.7,411.4275
3/8/2016,411.915,415.3451,408.4451,411.3551
3/7/2016,407.74,412.695,400.6175,411.905
3/4/2016,420.0375,423.3701,408.6574,411.29
3/3/2016,427.6199,428.03,415.73,419.9075
3/2/2016,431.385,435.14,426.85,428.015
3/1/2016,433.915,438.6794,427.6999,431.3825
2/29/2016,432.825,441.995,428.76,433.9125
2/26/2016,423.2687,426.0149,419.1201,423.9649
2/25/2016,423.395,426.4,417.9031,423.2687
2/24/2016,420.5601,425.025,410.295,423.395
2/23/2016,437.25,439.8,415.01,420.5601
2/22/2016,434.12,439.158,431.42,437.25
2/19/2016,419.8,421.915,414.85,418.6899
2/18/2016,418.585,424.4042,414,419.8151
2/17/2016,405.6876,420.925,405.0299,418.585
2/16/2016,396.1251,408.1951,395.1998,405.5275
2/15/2016,400.995,409.325,393.8724,396.1251
2/12/2016,375.1273,382.9,374.3099,381.615
2/11/2016,377.64,380.7271,371.6549,375.1273
2/10/2016,373.3401,382.91,372.015,377.635
2/9/2016,372.415,376.75,370.2849,373.3401
2/8/2016,375.1599,378.8149,371.025,372.415
2/5/2016,386.835,390.495,383.795,384.88
2/4/2016,368.6898,391.7351,365.8149,386.835
2/3/2016,373.4299,373.8199,367.39,368.6898
2/2/2016,370.15,374.9175,370.11,373.4299
2/1/2016,377.13,378.955,364.7399,370.15
1/29/2016,382.225,384.895,364.0751,375.1976
1/28/2016,394.645,395.24,377.405,382.23
1/27/2016,393.1251,396.9149,387.785,394.645
1/26/2016,391.3225,397.7999,388.76,393.1251
1/25/2016,402.2,406.1849,386.3,391.32
1/22/2016,406.895,412.9675,374.61,379.0299
1/21/2016,407.105,424.845,405.2749,406.895
1/20/2016,379.985,415.5244,373.4099,407.1125
1/19/2016,384.0199,387.4599,376.2749,379.985
1/18/2016,384.385,388.2175,374.33,383.8749
1/15/2016,432.125,432.9149,382.85,387.3099
1/14/2016,428.835,435.015,427.0551,432.125
1/13/2016,446.92,447.205,425.105,428.83
1/12/2016,448.915,449.495,444.8551,447.045
1/11/2016,447.0449,452.08,441.51,448.915
1/8/2016,455.36,464.205,446.6051,452.415
1/7/2016,430.8049,457.2649,429.07,455.355
1/6/2016,432.595,432.7875,426.675,430.8049
1/5/2016,434.9399,435.295,429.5201,432.595
1/4/2016,427.005,435.35,424.155,434.9399
1/1/2016,432.115,436.0624,427.65,434.345
12/31/2015,427.125,433.65,418.85,432.115
12/30/2015,428.9263,434.76,420.77,427.125
12/29/2015,419.02,432.2001,417.7799,428.9488
12/28/2015,418.58,429.595,417.36,419.205
12/25/2015,453.1851,458.65,449.735,455.875
12/24/2015,444.79,459.1925,441.79,453.1851
12/23/2015,436.8351,444.995,433.2949,444.79
12/22/2015,434.6275,442.985,433.2599,436.8565
12/21/2015,436.9751,446.2076,425.2825,434.6275
12/18/2015,454.6776,466.005,453.6301,461.6625
12/17/2015,457.0751,458.405,446.735,454.6776
12/16/2015,462.9276,465.545,440.0825,457.435
12/15/2015,440.51,463.6951,439.7575,462.96
12/14/2015,440.3599,448.0851,428.16,440.51
12/11/2015,416.8151,453.3,414.875,450.5475
12/10/2015,416.1644,419.7825,410.4975,416.8151
12/9/2015,395.9449,424.14,394.2859,416.1097
12/8/2015,393.7151,398.1051,388.69,396.0975
12/7/2015,391.6899,399.85,383.335,393.7151
12/4/2015,360.535,364.375,355.645,362.3975
12/3/2015,361.14,370.2999,356.12,360.6125
12/2/2015,360.9976,363.5651,347.93,361.135
12/1/2015,376.7475,379.585,354.8,360.9976
11/30/2015,364.0701,382.7549,362.5024,376.8175
11/27/2015,349.5675,364.365,348.105,359.5574
11/26/2015,328.1475,368.6975,327.86,349.5675
11/25/2015,320.905,330.6375,316.2275,328.155
11/24/2015,324.4551,324.51,317.245,320.905
11/23/2015,322.5125,326.02,320.9,324.4551
11/20/2015,328.2899,328.3149,311.4301,321.265
11/19/2015,337.11,337.8051,325.9,327.96
11/18/2015,336.105,338.5299,329.2301,337.11
11/17/2015,330.2634,339.74,326.2949,336.105
11/16/2015,323.2594,331.955,315.4656,330.3309
11/13/2015,326.5002,338.8451,324.2773,332.9325
11/12/2015,307.9075,341.7799,297.8373,326.5028
11/11/2015,333.7311,339.8298,300.4232,307.5325
11/10/2015,376.6375,381.1948,333.9769,334.1461
11/9/2015,380.205,385.785,358.8849,376.64
11/6/2015,403.1074,403.3725,353.6204,370.0721
11/5/2015,412.399,446.13,359.3225,403.0924
11/4/2015,395.0275,502.045,394.9924,411.9614
11/3/2015,363.755,417.9333,352.5208,394.995
11/2/2015,314.0498,367.63,312.6299,363.755
10/30/2015,313.52,334.1049,312.5699,323.225
10/29/2015,302.0825,320.335,301.21,313.52
10/28/2015,295.4448,308.33,291.9575,302.0575
10/27/2015,286.1549,298.4,285.5748,295.4448
10/26/2015,293.5499,294.3049,280.735,286.1549
10/23/2015,275.5449,279.955,274.0698,278.115
10/22/2015,268.6749,280.045,267.3148,275.515
10/21/2015,270.37,272.255,264.4907,268.6749
10/20/2015,263.965,272.7549,263.3049,270.37
10/19/2015,261.1699,266.3448,260.2198,263.9675
10/16/2015,254.7325,267.3999,253.6947,260.4835
10/15/2015,253.76,256.235,251.77,254.77
10/14/2015,249.46,255.365,248.655,253.76
10/13/2015,245.985,251.27,244.07,249.455
10/12/2015,247.97,248.6775,245.205,245.985
10/9/2015,243.835,244.955,242.53,244.495
10/8/2015,245.09,245.0925,242.69,243.8425
10/7/2015,246.205,247.64,243.5425,245.09
10/6/2015,239.5425,248.065,239.5425,246.2
10/5/2015,239.06,239.85,237.0575,239.6125
10/2/2015,238.235,239.105,236.535,237.6
10/1/2015,236.99,239.265,235.81,237.945
9/30/2015,237.245,238.39,235.245,236.99
9/29/2015,237.844,240.74,235.96,237.225
9/28/2015,232.695,239.9425,231.945,237.844
9/25/2015,235.4625,237.44,232.2875,234.61
9/24/2015,230.165,235.795,229.42,235.065
9/23/2015,229.945,232.02,228.81,230.165
9/22/2015,227.51,232.55,224.02,229.945
9/21/2015,230.435,231.07,226.1925,227.475
9/18/2015,233.185,234.325,231.51,233.24
9/17/2015,228.14,235.14,227.475,233.2275
9/16/2015,229.785,231.3236,226.69,228.14
9/15/2015,231.365,232.0225,229.2165,229.785
9/14/2015,230.6536,232.9568,226.8874,231.365
9/11/2015,239.495,241.2225,238.3725,239.9025
9/10/2015,239.48,241.34,236.25,239.5
9/9/2015,244.115,244.4975,237.955,239.48
9/8/2015,240.79,246.2401,239.87,244.11
9/7/2015,240.42,242.26,238.75,240.78
9/4/2015,227.305,231.385,226.565,231.086
9/3/2015,229.195,230.005,226.6935,227.35
9/2/2015,226.97,231.195,226.275,229.195
9/1/2015,230.41,232.0962,226.53,226.975
8/31/2015,227.03,232.6707,225.04,230.41
8/28/2015,227.01,236.085,220.455,233.59
8/27/2015,226.78,229.1675,223.7,227.01
8/26/2015,226.035,231.5175,219.85,226.835
8/25/2015,215.17,228.41,199.995,225.9975
8/24/2015,227.89,229.58,210.34,215.17
8/21/2015,236.13,237.038,231.755,233.135
8/20/2015,227.025,237.5441,222.255,236.13
8/19/2015,250.655,252.64,214.3256,227.11
8/18/2015,257.8799,257.9749,247.67,250.655
8/17/2015,257.4799,261.6801,255.7449,257.8799
8/14/2015,265.3749,267.7245,262.11,266.5601
8/13/2015,269.9199,269.98,262.7899,265.3749
8/12/2015,266.205,272.13,265.86,269.895
8/11/2015,265.1749,267.02,264.0349,266.205
8/10/2015,264.9949,267.395,262.2,265.125
8/7/2015,278.8073,280.6998,275.5524,279.6624
8/6/2015,282.3662,283.5249,277.9749,278.8073
8/5/2015,285.3098,285.9449,281.33,282.8287
8/4/2015,284.1099,285.9349,280.71,285.3098
8/3/2015,281.1599,285.875,279.4049,283.8949
7/31/2015,287.4749,289.1549,282.47,284.6949
7/30/2015,291.465,291.5774,285.2949,287.4824
7/29/2015,295.5924,295.6425,287.5754,291.4524
7/28/2015,294.9449,297.3549,292.6124,295.5924
7/27/2015,291.9175,295.7451,286.5149,294.9299
7/24/2015,276.9598,289.5801,275.8249,288.16
7/23/2015,276.5249,278.285,275.7098,276.9451
7/22/2015,279.2823,279.4073,274.8424,276.525
7/21/2015,277.5549,281.0651,277.1599,279.2823
7/20/2015,274.9308,279.4125,273.8799,277.5549
7/17/2015,278.165,280.59,272.4601,278.265
7/16/2015,290.765,292.3274,275.165,278.1125
7/15/2015,290.34,293.3074,287.125,290.765
7/14/2015,289.465,296.7906,285.9098,290.34
7/13/2015,306.1851,311.21,281.14,289.485
7/10/2015,270.3149,294.7949,269.1324,287.1299
7/9/2015,268.0549,272.49,266.015,270.3099
7/8/2015,265.9349,273.78,263.8323,268.0499
7/7/2015,273.9449,274.9825,264.8098,265.9174
7/6/2015,266.075,277.9973,266.075,273.9449
7/3/2015,255.86,256.51,252.86,255.2207
7/2/2015,258.8049,261.0948,253.455,255.81
7/1/2015,260.97,264.7424,254.59,258.845
6/30/2015,255.525,268.3949,254.9,260.97
6/29/2015,248.545,256.5999,247.1236,255.525
6/26/2015,240.66,242.29,240.545,241.2675
6/25/2015,240.9825,242.805,239.5774,240.66
6/24/2015,244.36,244.71,239.205,240.9825
6/23/2015,247.235,247.505,242.355,244.36
6/22/2015,242.4637,247.6561,241.565,247.2425
6/19/2015,249.075,250.895,244.965,246.035
6/18/2015,250.31,252.56,243.135,249.075
6/17/2015,246.3155,256.71,245.3193,250.31
6/16/2015,235.955,252.275,234.865,246.3155
6/15/2015,232.485,237.05,231.475,235.925
6/12/2015,228.8,230.9029,228.51,229.9
6/11/2015,228.4612,229.9822,227.79,228.795
6/10/2015,229.805,230.235,227.385,228.4612
6/9/2015,228.48,231.815,227.48,229.805
6/8/2015,222.44,229.375,222.185,228.48
6/5/2015,223.68,225.5713,220.1695,224.875
6/4/2015,226.9625,227.1374,223.11,223.68
6/3/2015,225.09,227.3544,222.7175,226.96
6/2/2015,222.066,226.2927,221.19,225.09
6/1/2015,231.7586,232.23,221.685,221.975
5/29/2015,236.08,237.06,234.6175,235.9475
5/28/2015,235.5525,237.635,235.035,236.08
5/27/2015,236.1977,237.605,234.7512,235.5675
5/26/2015,235.57,237.75,234.3438,236.1977
5/25/2015,240.835,241.295,234.985,235.57
5/22/2015,235.5138,240.635,233.795,239.5325
5/21/2015,234.0822,236.45,233.29,235.5138
5/20/2015,231.8274,234.845,231.1295,233.9247
5/19/2015,232.0825,234.105,231.43,231.8274
5/18/2015,235.955,237.0075,231.605,232.0825
5/15/2015,236.805,238.985,233.175,237.31
5/14/2015,243.2,243.695,235.46,236.805
5/13/2015,241.3813,243.91,240.9125,243.2
5/12/2015,242.49,242.745,238.735,241.3813
5/11/2015,239.45,244.5225,238.305,242.61
5/8/2015,237.19,246.1875,235.445,245.305
5/7/2015,233.995,239,227.635,237.195
5/6/2015,234.6925,236.43,233.316,233.995
5/5/2015,237.65,238.595,230.575,234.6925
5/4/2015,240.3633,242.65,236.9575,237.505
5/1/2015,236.5813,238.8505,233.4625,234.8
4/30/2015,226.48,240.13,224.64,236.5813
4/29/2015,224.405,227.085,223.13,226.48
4/28/2015,223.7316,232.105,222.685,224.405
4/27/2015,219.315,225.68,218.32,223.7316
4/24/2015,234.7,236.495,229.65,231.405
4/23/2015,233.98,236.105,231.9262,234.7
4/22/2015,233.01,238.2325,232.675,233.665
4/21/2015,224.35,235.55,223.135,233.025
4/20/2015,226.33,226.655,222.3094,224.35
4/17/2015,228.98,230.8629,220.975,223.311
4/16/2015,220.23,230.9666,220.23,228.985
4/15/2015,219.9837,224.27,217.5683,220.23
4/14/2015,225.16,227.4226,217.2305,218.308
4/13/2015,236.505,237.81,223.385,225.16
4/10/2015,242.2475,244.7095,231.64,234.99
4/9/2015,246.105,247.39,239.275,242.9075
4/8/2015,254.935,255.1576,243.965,246.105
4/7/2015,254.6275,256.8325,252.2212,254.935
4/6/2015,256.22,261.1749,254.09,254.5775
4/3/2015,252.065,255.61,250.48,254.5075
4/2/2015,245.8225,254.3425,244.5675,252.065
4/1/2015,244.1375,246.435,240.07,245.8225
3/31/2015,247.52,247.855,241.045,244.1375
3/30/2015,244.53,247.7775,236.7475,247.52
3/27/2015,248.7625,250.48,245.7575,248.5525
3/26/2015,244.13,253.4875,244.13,248.7625
3/25/2015,247.7575,248.9825,236.48,244.13
3/24/2015,266.7424,268.1974,243.6175,247.7575
3/23/2015,260.8475,270.5175,260.835,266.4025
3/20/2015,257.295,265.6475,253.935,263.1674
3/19/2015,263.2725,264.3749,249.3725,256.9474
3/18/2015,287.4274,287.4299,262.7925,263.4224
3/17/2015,290.185,293.0948,286.7075,287.4625
3/16/2015,284.2224,294.1099,283.1899,290.1275
3/13/2015,296.15,296.15,286.0074,288.3975
3/12/2015,295.3099,297.3149,291.53,296.15
3/11/2015,293.3399,295.4474,288.8975,294.545
3/10/2015,289.0724,299.72,284.5525,293.1874
3/9/2015,274.2075,290.9449,273.78,289.0724
3/6/2015,279.785,279.785,270.2175,273.2524
3/5/2015,273.0975,281.085,266.1999,279.9274
3/4/2015,283.36,285.2749,271.2675,273.0975
3/3/2015,273.015,285.7275,267.21,283.36
3/2/2015,247.68,274.28,246.745,272.8825
2/27/2015,236.4925,256.71,236.2925,254.8675
2/26/2015,237.97,238.35,234.5375,236.495
2/25/2015,239.34,240.27,236.1875,237.965
2/24/2015,240.105,240.6825,236.705,239.34
2/23/2015,235.1375,240.4225,232.69,240.4225
2/20/2015,240.9125,247.555,239.8025,244.835
2/19/2015,233.43,243.5275,232.56,240.9125
2/18/2015,241.5275,244.535,232.0225,233.48
2/17/2015,236.66,245.965,232.7725,241.5275
2/16/2015,244.185,244.98,227.3775,237.005
2/13/2015,222.1975,239.2225,221.6125,234.2475
2/12/2015,219.3925,222.6175,218.355,222.1975
2/11/2015,219.6975,223.28,218.8475,219.3925
2/10/2015,220.985,222.225,215.515,219.6975
2/9/2015,221.8,223.975,216.73,220.9975
2/6/2015,218.835,224.585,214.8,223.365
2/5/2015,224.9775,228.225,215.38,218.76
2/4/2015,227.8225,230.3625,221.27,224.9775
2/3/2015,227.295,245.125,225.985,227.86
2/2/2015,220.94,231.7925,219.75,227.295
1/30/2015,234.12,244.2375,227.2307,229.6675
1/29/2015,236.21,241.335,221.5775,234.12
1/28/2015,261.8724,267.0275,234.14,235.9425
1/27/2015,271.9124,277.495,254.12,261.7642
1/26/2015,247.385,309.095,246.8375,271.6099
1/23/2015,231.9175,238.055,225.3173,237.013
1/22/2015,224.965,237.4825,223.14,231.9175
1/21/2015,211.045,225.14,210.595,225.1
1/20/2015,216.2125,216.5425,205.4225,211.1825
1/19/2015,209.635,217.575,206.4975,216.2125
1/16/2015,206.6925,223.6175,199.7125,208.34
1/15/2015,182.9478,232.385,171.0934,206.68
1/14/2015,235.97,236.035,160.37,183.0672
1/13/2015,270.6475,270.6475,223.6,236.0475
1/12/2015,270.955,275.8657,265.1074,270.6475
1/9/2015,293.8298,295.6824,278.2924,289.8149
1/8/2015,296.1349,299.5499,285.7449,293.8298
1/7/2015,286.4249,304.5349,284.5299,296.1349
1/6/2015,270.3949,286.4099,268.575,286.4099
1/5/2015,269.205,277.6049,259.0849,270.9298
1/2/2015,314.49,316.6351,312.5875,314.7299
1/1/2015,317.3625,319.9301,312.7625,314.49
12/31/2014,309.9424,317.4474,308.7799,317.3625
12/30/2014,314.1574,315.3975,308.7999,310.1725
12/29/2014,317.9299,320.4775,312.91,314.2549
12/26/2014,319.4799,330.5925,316.9974,329.4924
12/25/2014,321.8699,323.9849,317.8051,319.4
12/24/2014,334.8575,335.33,321.7525,321.8699
12/23/2014,329.5775,336.9075,326.705,334.9875
12/22/2014,324.9049,331.555,317.9349,329.5449
12/19/2014,311.4799,316.2775,306.1149,314.2625
12/18/2014,321.2275,324.4724,304.2649,311.3949
12/17/2014,333.3624,336.465,314.9625,321.0549
12/16/2014,347.9924,349.0374,330.58,333.3624
12/15/2014,352.03,357.705,346.2375,348.1475
12/12/2014,350.291,357.095,349.0825,356.4274
12/11/2014,350.4474,363.52,340.035,350.33
12/10/2014,352.545,354.4224,347.9975,350.42
12/9/2014,367.6839,368.0999,345.4099,352.545
12/8/2014,377.24,377.24,364.8448,367.7242
12/5/2014,372.94,379.5099,366.3824,378.6124
12/4/2014,378.7918,378.9174,367.181,372.935
12/3/2014,377.8503,383.108,375.2901,378.4199
12/2/2014,378.095,382.3276,375.66,379.3651
12/1/2014,375.34,381.145,373.8401,378.205
11/28/2014,369.26,378.1025,360.8825,377.7725
11/27/2014,366.86,373.99,365.8825,369.285
11/26/2014,377.155,378.77,365.2775,366.5975
11/25/2014,378.725,394.63,374.1801,376.9175
11/24/2014,362.57,389.61,361.7725,378.4401
11/21/2014,357.965,357.98,343.7025,353.7975
11/20/2014,376.69,381.25,353.245,357.965
11/19/2014,378.9099,386.1,373.4,376.6901
11/18/2014,385.8,393.75,372.1301,378.725
11/17/2014,383.1,413.3975,377.2775,385.8575
11/14/2014,404.7476,424.7401,383.48,396.445
11/13/2014,426.7925,453.755,386.365,404.73
11/12/2014,368.0699,432.1475,367.5726,426.295
11/11/2014,365.92,371.045,361.195,367.905
11/10/2014,356.7476,376.8251,356.005,365.915
11/7/2014,348.9576,351.4351,341,342.6675
11/6/2014,339.67,352.7751,336.9375,349.625
11/5/2014,327.695,343.9225,327.395,339.7601
11/4/2014,327.6749,332.135,321.7175,327.5525
11/3/2014,325.825,333.3325,323.525,327.505
10/31/2014,348.385,351.5526,336.42,342.3826
10/30/2014,339.53,349.7425,334.2075,347.6175
10/29/2014,356.0375,356.8825,337.87,341.215
10/28/2014,351.7325,357.2775,349.9825,355.8776
10/27/2014,354.4651,358.23,349.45,351.8775
10/24/2014,359.71,363.1425,350.16,358.0875
10/23/2014,384.4224,385.355,359.36,359.6525
10/22/2014,386.89,388.855,380.5526,384.1925
10/21/2014,384.4449,393.1749,379.4901,386.6874
10/20/2014,389.065,391.0175,378.1675,385.215
10/17/2014,383.475,385.0425,373.0751,381.5976
10/16/2014,392.3425,398.8751,371.34,383.19
10/15/2014,407.1625,409.4175,387.7225,391.87
10/14/2014,389.0675,414.335,388.865,407.2275
10/13/2014,363.56,389.535,363.5575,388.7675
10/10/2014,366.6249,377.3875,350.08,358.0475
10/9/2014,350.4975,388.8101,348.345,366.305
10/8/2014,330.9875,353.295,327.6876,350.5975
10/7/2014,332.1725,336.7275,314.35,330.6801
10/6/2014,295.5975,346.3876,293.115,333.3425
10/3/2014,377.005,378.095,358.2575,358.65
10/2/2014,383.4326,385.445,374.7175,376.855
10/1/2014,389.2325,393.685,377.85,383.4525
9/30/2014,375.695,395.4401,369.4725,389.675
9/29/2014,379.61,386.03,369.31,375.2175
9/26/2014,407.4551,414.1675,396.7925,407.285
9/25/2014,428.31,429.0674,406.4925,407.425
9/24/2014,448.645,451.77,420.4324,428.4025
9/23/2014,403.0601,448.34,393.9075,448.34
9/22/2014,405.575,408.9026,395.4875,402.47
9/19/2014,417.5225,434.7525,379.4926,396.465
9/18/2014,444.8325,453.5599,410.215,417.4426
9/17/2014,463.7076,465.1426,444.56,444.8075
9/16/2014,475.65,476.5576,463.22,463.8875
9/15/2014,475.3176,478.8475,470.405,475.6225
9/12/2014,475.3725,477.5225,465.2501,471.475
9/11/2014,483.14,483.14,467.9525,475.5175
9/10/2014,473.1376,491.0701,471.315,483.2425
9/9/2014,469.1576,473.1675,460.7976,473.0101
9/8/2014,479.1725,479.2875,458.8225,469.7651
9/5/2014,487.0876,492.275,477.935,478.42
9/4/2014,476.785,495.625,471.665,487.0951
9/3/2014,478.1325,478.1375,471.85,476.6301
9/2/2014,481.7875,484.075,470.9075,478.21
9/1/2014,479.445,487.6275,472.5601,481.8725
8/29/2014,507.6,513.6626,501.9475,509.3525
8/28/2014,516.9475,517.7625,507.005,508.1549
8/27/2014,509.8525,522.77,509.1025,517.0075
8/26/2014,505.4926,515.1701,499.58,509.8375
8/25/2014,511.2075,513.2651,497.36,505.4701
8/22/2014,525.395,525.395,502.4125,516.925
8/21/2014,514.11,533.7825,510.86,522.715
8/20/2014,484.1875,526.3926,466.6275,514.2075
8/19/2014,456.9325,493.5,456.0775,483.3625
8/18/2014,491.135,508.3701,444.4475,457.4275
8/15/2014,513.4775,520.6876,484.6875,496.7501
8/14/2014,542.575,549.6675,497.6976,513.6951
8/13/2014,570.065,571.3776,525.105,542.9525
8/12/2014,575.4125,575.505,562.1075,570.1675
8/11/2014,588.4825,590.505,574.33,575.31
8/8/2014,591.295,594.65,585.02,591.3201
8/7/2014,580.8076,591.68,579.5001,591.68
8/6/2014,579.3726,585.8901,576.9451,580.6675
8/5/2014,586.8575,588.7825,579.0925,579.6475
8/4/2014,588.4525,595.3975,582.7075,586.8575
8/1/2014,586.6776,606.4625,582.1876,600.03
7/31/2014,565.1951,589.0025,557.545,586.355
7/30/2014,581.0751,585.4075,562.8401,564.6251
7/29/2014,592.865,592.865,578.625,582.2751
7/28/2014,593.2975,595.3775,571.8175,592.1949
7/25/2014,604.15,608.9225,593.2725,599.5001
7/24/2014,620,622.1201,592.3675,603.6501
7/23/2014,621.955,622.6675,617.655,619.995
7/22/2014,620.2251,624.75,620.0851,621.84
7/21/2014,623.4651,626.7351,616.7025,620.7775
7/18/2014,622.875,631.3175,619.1525,628.86
7/17/2014,618.38,628.6275,611.0575,623.0275
7/16/2014,622.1475,625.2375,612.52,619.47
7/15/2014,622.0801,625.4275,617.5225,621.7401
7/14/2014,628.915,631.1401,618.9825,622.0826
7/11/2014,618.325,634.9976,615.5801,633.6775
7/10/2014,623.865,624.3251,609.005,618.0475
7/9/2014,624.7101,626.0926,619.97,624.14
7/8/2014,623.6276,626.4125,618.5275,624.8076
7/7/2014,635.8701,637.2025,613.7001,623.9151
7/4/2014,643.05,650.4075,621.8751,634.875
7/3/2014,647.45,652.8875,639.96,642.8726
7/2/2014,645.0201,657.37,638.5325,648.2175
7/1/2014,646.1301,659.0125,637.44,643.3325
6/30/2014,595.4775,647.3351,593.2076,646.965
6/27/2014,571.6125,590.15,571.46,576.525
6/26/2014,571.0551,572.89,557.7426,571.59
6/25/2014,585.23,585.3725,558.2725,570.425
6/24/2014,587.375,588.58,583.5926,585.23
6/23/2014,597.1776,600.7875,583.185,586.97
6/20/2014,605.425,606.125,582.5976,594.47
6/19/2014,604.3575,610.2375,603.3675,604.87
6/18/2014,606.5625,615.7225,600.9825,605.3225
6/17/2014,593.255,607.4425,583.0101,606.39
6/16/2014,567.4725,610.155,567.0875,592.8101
6/13/2014,588.675,612.0425,552.2525,582.37
6/12/2014,633.6851,633.6851,590.9351,591.0076
6/11/2014,644.9175,652.435,629.2625,634.4426
6/10/2014,645.825,657.48,643.9675,645.34
6/9/2014,653.03,658.3975,642.535,646.1951
6/6/2014,660.055,664.4875,649.1375,652.645
6/5/2014,649.0401,668.4325,641.55,659.9875
6/4/2014,669.495,673.56,625.3525,648.99
6/3/2014,656.7151,680.5425,654.025,671.83
6/2/2014,632.7401,667.1325,615.6101,655.27
5/30/2014,568.1849,616.5001,567.885,613.92
5/29/2014,571.75,582.2875,562.315,568.6175
5/28/2014,578.46,583.28,565.3301,570.665
5/27/2014,582.855,595.9751,553.755,577.54
5/26/2014,574.2001,593.405,567.895,581.8101
5/23/2014,522.4701,547.965,520.88,532.4751
5/22/2014,493.875,526.0551,493.3051,522.3051
5/21/2014,491.5951,499.585,484.64,494.1801
5/20/2014,448.85,499.73,447.525,489.4299
5/19/2014,445.5,449.205,443.95,449.0551
5/16/2014,447.01,452.1851,445.245,449.675
5/15/2014,448.0901,452.4451,444.55,447.375
5/14/2014,437.77,449.495,437.6001,448.3051
5/13/2014,441.0951,442.6,433.715,437.5549
5/12/2014,438.215,443.7001,433.4351,441.4401
5/9/2014,442.04,457.22,438.015,452.29
5/8/2014,446.505,447.735,439.645,441.8
5/7/2014,429.5101,447.4551,428.7001,447.4551
5/6/2014,421.735,433.355,421.35,427.66
5/5/2014,438.9399,439.255,428.49,430.335
5/2/2014,460.92,463.0901,446.1649,451.51
5/1/2014,448.4851,466.0551,447.255,460.925
4/30/2014,448.2251,448.235,448.2251,448.235
4/29/2014,437.5001,455.6701,433.3201,447.8101
4/28/2014,450.7601,451.86,426.03,439.1701
4/25/2014,471.4701,475.21,440.59,462.5901
4/24/2014,489.6001,504.1201,473.3701,476.52
4/23/2014,494.8101,500.7101,484.6201,492.02
4/22/2014,503.7001,504.36,486.1701,496.1801
4/21/2014,476.2001,517.35,473.02,503.1801
4/18/2014,494.5901,507.9701,471.8401,476.1701
4/17/2014,527.1301,534.3701,486.36,496.8101
4/16/2014,517.5901,548.0901,497.2801,527.1401
4/15/2014,496.5401,528.3201,489.71,517.6
4/11/2014,376.91,434.0701,376.75,426.53
4/10/2014,430.9,432.2601,340.9801,376.9
4/9/2014,456.9801,457.86,422.8901,428.9
4/8/2014,457.4101,460.46,448.77,452.62
4/7/2014,456.87,461.3,446.9401,454.2001
4/4/2014,436.5001,459.3501,431.02,455.27
4/3/2014,431.8201,454.8501,417.36,436.2301
4/2/2014,479.61,495.4801,424.27,429.86
4/1/2014,471.1901,496.4801,463.0301,482.2301
3/31/2014,479.5901,480.7801,442.7001,465.7501
3/28/2014,515.91,530.1401,491.4201,504.0001
3/27/2014,570.2801,570.2801,477.8501,513.5801
3/26/2014,573.6901,591.7501,561.6201,561.6201
3/25/2014,580.29,588.0501,572.0001,572.0001
3/24/2014,582.4501,582.4501,582.4501,582.4501
3/21/2014,571.7101,571.7101,571.7101,571.7101
3/20/2014,581.8401,581.8401,581.8401,581.8401
3/19/2014,603.85,603.85,603.85,603.85
3/18/2014,617.8601,617.8601,617.8601,617.8601
3/17/2014,613.0001,613.0001,613.0001,613.0001
3/14/2014,635.5001,635.5001,635.5001,635.5001
3/13/2014,637.2701,637.2701,637.2701,637.2701
3/12/2014,639.0301,639.0301,639.0301,639.0301
3/11/2014,638.8001,638.8001,638.8001,638.8001
3/10/2014,628.2501,628.2501,628.2501,628.2501
3/7/2014,626.7401,626.7401,626.7401,626.7401
3/6/2014,660.9001,660.9001,660.9001,660.9001
3/5/2014,667.0001,667.0001,667.0001,667.0001
3/4/2014,672.1001,672.1001,672.1001,672.1001
3/3/2014,669.7601,669.7601,669.7601,669.7601
2/28/2014,566.91,566.91,566.91,566.91
2/27/2014,578.79,578.79,578.79,578.79
2/26/2014,580.7601,580.7601,580.7601,580.7601
2/25/2014,609.9601,609.9601,609.9601,609.9601
2/24/2014,451.58,451.58,451.58,451.58
2/21/2014,563.3101,563.3101,563.3101,563.3101
2/20/2014,571.3701,571.3701,571.3701,571.3701
2/19/2014,612.22,612.22,612.22,612.22
2/18/2014,626.3201,626.3201,626.3201,626.3201
2/17/2014,642.5001,642.5001,642.5001,642.5001
2/14/2014,652.1801,652.1801,652.1801,652.1801
2/13/2014,581.6401,581.6401,581.6401,581.6401
2/12/2014,657.3801,657.3801,657.3801,657.3801
2/11/2014,669.3201,669.3201,669.3201,669.3201
2/10/2014,713.0601,713.0601,713.0601,713.0601
2/7/2014,727.5201,727.5201,727.5201,727.5201
2/6/2014,687.7201,687.7201,687.7201,687.7201
2/5/2014,786.0601,786.0601,786.0601,786.0601
2/4/2014,804.6101,804.6101,804.6101,804.6101
2/3/2014,806.8301,806.8301,806.8301,806.8301
1/31/2014,806.6901,806.6901,806.6901,806.6901
1/30/2014,799.3301,799.3301,799.3301,799.3301
1/29/2014,787.1001,787.1001,787.1001,787.1001
1/28/2014,793.2601,793.2601,793.2601,793.2601
1/27/2014,762.8101,762.8101,762.8101,762.8101
1/24/2014,793.4901,793.4901,793.4901,793.4901
1/23/2014,773.1001,773.1001,773.1001,773.1001
1/22/2014,817.0401,817.0401,817.0401,817.0401
1/21/2014,822.8601,822.8601,822.8601,822.8601
1/20/2014,820.8401,820.8401,820.8401,820.8401
1/17/2014,808.5501,808.5501,808.5501,808.5501
1/16/2014,813.8001,813.8001,813.8001,813.8001
1/15/2014,845.1001,845.1001,845.1001,845.1001
1/14/2014,833.5401,833.5401,833.5401,833.5401
1/13/2014,829.9401,829.9401,829.9401,829.9401
1/10/2014,858.8601,858.8601,858.8601,858.8601
1/9/2014,813.4601,813.4601,813.4601,813.4601
1/8/2014,839.0001,839.0001,839.0001,839.0001
1/7/2014,797.7101,797.7101,797.7101,797.7101
1/6/2014,914.5101,914.5101,914.5101,914.5101
1/3/2014,801.8901,801.8901,801.8901,801.8901
1/2/2014,785.1701,785.1701,785.1701,785.1701
1/1/2014,747.8101,747.8101,747.8101,747.8101
12/31/2013,746.8901,746.8901,746.8901,746.8901
12/30/2013,720.9401,720.9401,720.9401,720.9401
12/27/2013,721.4401,721.4401,721.4401,721.4401
12/26/2013,706.4201,706.4201,706.4201,706.4201
12/25/2013,710.4201,710.4201,710.4201,710.4201
12/24/2013,648.2701,648.2701,648.2701,648.2701
12/23/2013,651.0101,651.0101,651.0101,651.0101
12/20/2013,599.47,599.47,599.47,599.47
12/19/2013,707.8201,707.8201,707.8201,707.8201
12/18/2013,564.48,564.48,564.48,564.48
12/17/2013,533.7101,533.7101,533.7101,533.7101
12/16/2013,729.3601,729.3601,729.3601,729.3601
12/13/2013,869.9001,869.9001,869.9001,869.9001
12/12/2013,893.4001,893.4001,893.4001,893.4001
12/11/2013,863.0001,863.0001,863.0001,863.0001
12/10/2013,942.7301,942.7301,942.7301,942.7301
12/9/2013,926.0001,926.0001,926.0001,926.0001
12/6/2013,552.16,552.16,552.16,552.16
12/5/2013,990.0001,990.0001,990.0001,990.0001
12/4/2013,1130.0001,1130.0001,1130.0001,1130.0001
12/3/2013,1056.5001,1056.5001,1056.5001,1056.5001
12/2/2013,1023.9901,1023.9901,1023.9901,1023.9901
11/29/2013,1137.0001,1137.0001,1137.0001,1137.0001
11/28/2013,1055.5801,1055.5801,1055.5801,1055.5801
11/27/2013,983.4301,983.4301,983.4301,983.4301
11/26/2013,926.3001,926.3001,926.3001,926.3001
11/25/2013,834.0001,834.0001,834.0001,834.0001
11/22/2013,843.9501,843.9501,843.9501,843.9501
11/21/2013,714.9601,714.9601,714.9601,714.9601
11/20/2013,626.7701,626.7701,626.7701,626.7701
11/19/2013,516.92,516.92,516.92,516.92
11/18/2013,691.6101,691.6101,691.6101,691.6101
11/15/2013,430.62,430.62,430.62,430.62
11/13/2013,409.2301,409.2301,409.2301,409.2301
11/12/2013,369.84,369.84,369.84,369.84
11/11/2013,350.02,350.02,350.02,350.02
11/8/2013,325.65,325.65,325.65,325.65
11/7/2013,313.08,313.08,313.08,313.08
11/6/2013,291.71,291.71,291.71,291.71
11/5/2013,256.21,256.21,256.21,256.21
11/4/2013,236.56,236.56,236.56,236.56
11/1/2013,208.18,208.18,208.18,208.18
10/31/2013,206.34,206.34,206.34,206.34
10/30/2013,202.47,202.47,202.47,202.47
10/29/2013,200.58,200.58,200.58,200.58
10/28/2013,198.58,198.58,198.58,198.58
10/25/2013,183.34,183.34,183.34,183.34
10/24/2013,186.51,186.51,186.51,186.51
10/23/2013,191.77,191.77,191.77,191.77
10/22/2013,194.04,194.04,194.04,194.04
10/21/2013,191.58,191.58,191.58,191.58
10/18/2013,160.07,160.07,160.07,160.07
10/17/2013,143.77,143.77,143.77,143.77
10/16/2013,140.68,140.68,140.68,140.68
10/15/2013,147.15,147.15,147.15,147.15
10/14/2013,135.89,135.89,135.89,135.89
10/11/2013,126.85,126.85,126.85,126.85
10/10/2013,126.28,126.28,126.28,126.28
10/9/2013,126,126,126,126
10/8/2013,124.99,124.99,124.99,124.99
10/7/2013,123.71,123.71,123.71,123.71
10/4/2013,122.06,122.06,122.06,122.06
10/3/2013,119.12,119.12,119.12,119.12
10/2/2013,112.75,112.75,112.75,112.75
10/1/2013,127.42,127.42,127.42,127.42
9/30/2013,127.09,127.09,127.09,127.09
9/27/2013,126.1,126.1,126.1,126.1
9/26/2013,126.4,126.4,126.4,126.4
9/25/2013,124.33,124.33,124.33,124.33
9/24/2013,124.65,124.65,124.65,124.65
9/23/2013,122.99,122.99,122.99,122.99
9/20/2013,121.7,121.7,121.7,121.7
9/19/2013,124.1,124.1,124.1,124.1
9/18/2013,127.31,127.31,127.31,127.31
9/17/2013,126.86,126.86,126.86,126.86
9/16/2013,126.32,126.32,126.32,126.32
9/13/2013,127,127,127,127
9/12/2013,127.1,127.1,127.1,127.1
9/11/2013,126.61,126.61,126.61,126.61
9/10/2013,122.65,122.65,122.65,122.65
9/9/2013,123.12,123.12,123.12,123.12
9/6/2013,117.9,117.9,117.9,117.9
9/5/2013,122.49,122.49,122.49,122.49
9/4/2013,121.94,121.94,121.94,121.94
9/3/2013,129.69,129.69,129.69,129.69
9/2/2013,129.4,129.4,129.4,129.4
8/30/2013,126.02,126.02,126.02,126.02
8/29/2013,118.6,118.6,118.6,118.6
8/28/2013,118.48,118.48,118.48,118.48
8/27/2013,117.65,117.65,117.65,117.65
8/26/2013,115.69,115.69,115.69,115.69
8/23/2013,107.76,107.76,107.76,107.76
8/22/2013,108,108,108,108
8/21/2013,111.53,111.53,111.53,111.53
8/20/2013,106.18,106.18,106.18,106.18
8/19/2013,103.18,103.18,103.18,103.18
8/16/2013,98.48,98.48,98.48,98.48
8/15/2013,99.06,99.06,99.06,99.06
8/14/2013,99.5,99.5,99.5,99.5
8/13/2013,99.65,99.65,99.65,99.65
8/12/2013,95.52,95.52,95.52,95.52
8/9/2013,93.81,93.81,93.81,93.81
8/8/2013,94.87,94.87,94.87,94.87
8/7/2013,97.08,97.08,97.08,97.08
8/6/2013,97.24,97.24,97.24,97.24
8/5/2013,98.56,98.56,98.56,98.56
8/2/2013,96.66,96.66,96.66,96.66
8/1/2013,95.55,95.55,95.55,95.55
7/31/2013,97.25,97.25,97.25,97.25
7/30/2013,98.98,98.98,98.98,98.98
7/29/2013,94.32,94.32,94.32,94.32
7/26/2013,89.34,89.34,89.34,89.34
7/25/2013,91.53,91.53,91.53,91.53
7/24/2013,90.41,90.41,90.41,90.41
7/23/2013,89.88,89.88,89.88,89.88
7/22/2013,92.77,92.77,92.77,92.77
7/19/2013,92.3,92.3,92.3,92.3
7/18/2013,89.03,89.03,89.03,89.03
7/17/2013,92,92,92,92
7/16/2013,98.95,98.95,98.95,98.95
7/15/2013,98.98,98.98,98.98,98.98
7/12/2013,90.9,90.9,90.9,90.9
7/11/2013,99.1,99.1,99.1,99.1
7/10/2013,87,87,87,87
7/9/2013,76.88,76.88,76.88,76.88
7/8/2013,76,76,76,76
7/5/2013,69.93,69.93,69.93,69.93
7/4/2013,77.48,77.48,77.48,77.48
7/3/2013,76.3,76.3,76.3,76.3
7/2/2013,90,90,90,90
7/1/2013,89.2,89.2,89.2,89.2
6/28/2013,96.99,96.99,96.99,96.99
6/27/2013,97.33,97.33,97.33,97.33
6/26/2013,102.99,102.99,102.99,102.99
6/25/2013,103.96,103.96,103.96,103.96
6/24/2013,104.56,104.56,104.56,104.56
6/21/2013,108.94,108.94,108.94,108.94
6/20/2013,112.51,112.51,112.51,112.51
6/19/2013,108,108,108,108
6/18/2013,109.15,109.15,109.15,109.15
6/17/2013,103.22,103.22,103.22,103.22
6/14/2013,98.62,98.62,98.62,98.62
6/13/2013,103,103,103,103
6/12/2013,108.36,108.36,108.36,108.36
6/11/2013,108,108,108,108
6/10/2013,105.3,105.3,105.3,105.3
6/7/2013,110.8,110.8,110.8,110.8
6/6/2013,118.86,118.86,118.86,118.86
6/5/2013,121.5,121.5,121.5,121.5
6/4/2013,120.82,120.82,120.82,120.82
6/3/2013,121.66,121.66,121.66,121.66
